numero,nome,conteudo,nroPagina
1,Jogador 1,Atacante,1
2,Jogador 2,Atacante,1
3,Jogador 3,Atacante,1
4,Jogador 4,Atacante,1
5,Jogador 5,Atacante,1
6,Jogador 6,Atacante,1
7,Jogador 7,Atacante,1
8,Jogador 8,Atacante,1
9,Jogador 9,Atacante,1
10,Jogador 10,Atacante,1
11,Jogador 11,Defensor,2
12,Jogador 12,Defensor,2
13,Jogador 13,Defensor,2
14,Jogador 14,Defensor,2
15,Jogador 15,Defensor,2
16,Jogador 16,Defensor,2
17,Jogador 17,Defensor,2
18,Jogador 18,Defensor,2
19,Jogador 19,Defensor,2
20,Jogador 20,Defensor,2
